{"cameraMode":{"drawMode":0,"name":"Shaded","section":"Shading Mode"},"sceneLighting":true,"audioPlay":false,"sceneViewState":{"m_AlwaysRefresh":false,"showFog":true,"showSkybox":true,"showFlares":true,"showImageEffects":true,"showParticleSystems":true,"showVisualEffectGraphs":true,"m_FxEnabled":true},"in2DMode":false,"pivot":{"x":-14.541417121887207,"y":10.003555297851563,"z":60.80078887939453},"rotation":{"x":0.015880949795246125,"y":0.9635654091835022,"z":-0.26046064496040347,"w":0.058752045035362247},"size":44.07111740112305,"orthographic":false}