{"cameraMode":{"drawMode":0,"name":"Shaded","section":"Shading Mode"},"sceneLighting":true,"audioPlay":false,"sceneViewState":{"m_AlwaysRefresh":false,"showFog":true,"showSkybox":true,"showFlares":true,"showImageEffects":true,"showParticleSystems":true,"showVisualEffectGraphs":true,"m_FxEnabled":true},"in2DMode":false,"pivot":{"x":-17.105873107910158,"y":16.03110122680664,"z":21.363121032714845},"rotation":{"x":0.07305463403463364,"y":0.8884426951408386,"z":-0.1520499587059021,"w":0.4268658757209778},"size":63.423553466796878,"orthographic":false}